town,county,total_enrollment,weighted_frpl_rate,county_median_income,low_confidence_flag,PC1,PC2,PC3,PC4,PC5,hardship_score
Albany,Orleans,99.0,57.58,63981,0,4.890662375935646,-0.5395718960998024,1.0222569425547983,-0.11269653271059353,0.17019199108807537,2.522
Alburg,Grand Isle,194.0,67.53,86639,0,4.074744180812517,0.6053025149266745,5.133746479027042,0.5574218076567714,-0.2235816862375429,0.688
Arlington,Bennington,489.0,33.95,68558,0,0.7070807611781705,1.2012090136991467,-1.292359017667736,-0.928457673762608,-0.27588258163783,0.451
Ascutney,Windsor,262.0,28.63,69492,0,-0.5312301243882306,-0.9767910094661902,0.6168284229561384,0.1779311722561223,0.5418870692655463,-0.003
Bakersfield,Franklin,144.0,36.11,73633,0,0.6950053867056455,-0.9408825239442968,0.6901607415601886,-0.17671463878574778,-0.006539556139968789,0.037
Barnard,Windsor,72.0,9.72,69492,0,-3.2526791241307595,-2.02787122134994,-0.5445539362553738,-0.45286412411682025,1.3534940872531194,-1.257
Barnet,Caledonia,135.0,39.26,62964,0,2.2203852530611807,-1.117921229253287,-1.1014340780207978,-0.5057372456791329,-0.25800964194296633,1.419
Barre,Washington,2199.0,26.38,77278,0,-2.085910230811466,5.0149211235598745,-1.0280516299699474,1.5437192078595698,0.6128769604765024,-1.01
Barton,Orleans,162.0,57.41,63981,0,4.655967657623328,-0.36223490644902734,0.6447067769127004,-0.22979466312203828,-0.1949534918468144,2.511
Bellows Falls,Windham,754.0,52.65,65473,0,3.3968008180292695,2.642482534617802,-0.7346171042440165,-0.6362564055583629,-1.5171173684100432,2.031
Bennington,Bennington,2354.0,50.17,68558,0,2.226408803216587,8.740967975516247,-1.9307241173442136,-1.0003169891688524,0.6225122522467884,1.527
Benson,Rutland,75.0,10.67,62641,0,-2.4300775113299644,-2.1352717465787494,-2.4171971107327,-0.8868645425270909,0.6117223560976495,-0.44
Berlin,Washington,194.0,35.57,77278,0,0.07954253660121186,-0.7177382160850929,1.1870599856235862,-0.09665975943624115,-0.14883050463121233,-0.4
Bethel,Windsor,269.0,49.44,69492,0,2.3518602931552657,2.6382646439487947,0.9360562395916745,0.214087306280602,2.1718094861010377,1.376
Bolton,Chittenden,82.0,20.73,89494,0,-3.1984268096974886,-1.1371028135115688,1.577204533278914,-0.4213030400406354,-0.2318602755113666,-2.729
Bradford,Orange,589.0,34.3,74534,0,-0.17452396208069287,0.773734647159986,0.7992590439962394,0.38620873427741104,0.017813864689963682,-0.182
Braintree,Orange,81.0,44.44,74534,0,1.628828741873742,-0.6733520654301791,1.687992856615559,-0.2845173190892783,0.2545996269663215,0.49
Brandon,Rutland,966.0,41.2,62641,0,1.5252206857319321,2.5171088492450813,-1.7135852936109142,0.9215898198779097,0.4258108669668739,1.584
Brattleboro,Windham,1854.0,42.34,65473,0,1.6068014910339121,8.447696844608016,-3.252282463595209,0.11001953028526303,2.51072233449651,1.348
Bridport,Addison,63.0,28.57,85870,0,-1.6535131309611635,-1.0543414031254004,2.7645521675052187,-0.03440158178364605,0.8743888301390891,-1.81
Bristol,Addison,1032.0,20.45,85870,0,-3.490593233575536,1.0837083652682686,1.6153649912884107,0.980986357064701,-0.33323949094811944,-2.349
Brookfield,Orange,71.0,21.13,74534,0,-1.8297346838568984,-1.5386004112445006,0.2684811076063074,-0.4617694719626595,0.7290961596526532,-1.056
Brownington,Orleans,107.0,60.75,63981,0,5.262034651644116,-0.37735865030641674,1.0223918331455757,-0.21859703748529896,-0.024061905668405888,2.732
Brownsville,Windsor,63.0,11.11,69492,0,-3.0975301498665293,-1.9752105314284112,-0.5750082573518472,-0.5561212386021924,1.2793587761125298,-1.165
Burlington,Chittenden,3473.0,48.29,89494,0,-0.7480614773189177,12.312313712008574,1.5086710835893313,-2.738845374347001,-1.5788292570178144,-0.902
Cabot,Washington,164.0,42.07,77278,0,1.1970558357871235,-1.2687273440890188,1.19136110588614,4.155007918839878,-1.0222904800968358,0.031
Cambridge,Lamoille,120.0,14.17,69886,0,-2.7096003977410343,-1.744306434331398,-0.22541161879390986,-0.33233616924068826,1.1410341650913953,-1.006
Canaan,Essex,169.0,31.36,55247,0,1.881368144075775,-2.2431449386402162,-3.7531548836003505,3.406238513009426,-1.3911266410236152,1.745
Castleton,Rutland,251.0,33.47,62641,0,0.9085435241027738,-0.9807182141683257,-0.9538105670038597,-0.21804023981505358,-0.20342620628411653,1.072
Charlotte,Chittenden,707.0,3.96,89494,0,-6.146098910745606,-0.48509283541582504,0.23960938232931306,0.873180719937502,-1.5841866205356054,-3.841
Chelsea,Orange,94.0,37.23,74534,0,0.45794400120743195,-0.6231078713347762,1.3893523318925947,-0.26889313169843804,-0.18483062498439895,0.012
Chester,Windsor,596.0,45.81,69492,0,1.6910082386178993,1.2881198736928525,1.0937253016311252,0.419294713105505,0.1930431851007464,1.136
Chittenden,Rutland,186.0,17.2,62641,0,-1.5654542465902401,-1.6666944840860245,-2.1241987619572433,-0.6322658581848913,0.15935165960766043,-0.007
Colchester,Chittenden,2414.0,23.45,89494,0,-4.022043242402372,5.910249515325475,0.5978174938343014,-0.8097572454914674,-1.6321904175979745,-2.549
Concord,Essex,156.0,50.0,55247,0,4.435455425924663,-0.8338559533526884,-2.399220771723701,-0.928487397788337,-1.0040291609592735,2.981
Cornwall,Addison,93.0,12.9,85870,0,-4.106981915404113,-1.527212160830905,1.5840679017606514,-0.2303372975142721,0.9716125237470432,-2.849
Coventry,Orleans,122.0,61.48,63981,0,5.360849561231781,-0.31921153542827174,1.0570636644831197,-0.18271017206934667,-0.08083877000870987,2.781
Craftsbury Common,Orleans,207.0,13.04,63981,0,-1.9508070351632787,-2.5707103136182377,-2.712593641254699,3.688136156085206,-0.41955219856462894,-0.431
Cuttingsville,Rutland,74.0,35.14,62641,0,1.3688529133715046,-1.3079084097173799,-0.5866327488064434,-0.4685623945496553,0.3450391889778783,1.182
Danby,Rutland,76.0,48.68,62641,0,3.1756071925142404,-0.7391912894688558,-0.18815399581327671,-0.7042342001093337,-0.17694942402334257,2.08
Danville,Caledonia,350.0,23.43,62964,0,-0.24668127682401847,-1.9570597105574363,-2.755949718187908,4.01823172377967,-1.4593878674032252,0.37
Derby,Orleans,263.0,62.74,63981,0,5.242418368141879,0.3334871288794067,0.9837699992394795,0.0027332627711215227,-1.1603794166554515,2.864
Derby Line,Orleans,496.0,46.77,63981,0,2.9116474486803496,-0.10284963872990444,-0.006463440506427487,0.5786078987068474,-0.7863123660743612,1.805
Dorset,Bennington,168.0,26.79,68558,0,-0.09824865494637275,-1.3910340403193768,-1.412219339456896,-0.5650464317384293,-0.2589494412440549,-0.023
Duxbury,Washington,288.0,14.24,77278,0,-3.3241391241881844,-0.9929065364746008,-0.16123958738275915,-0.1036810400653978,-0.6194352263468487,-1.815
East Barre,Washington,77.0,35.06,77278,0,-0.1245606541400381,-0.6431464981473834,1.107119080116646,-0.5257420023808872,-0.52130985314971,-0.434
East Corinth,Orange,263.0,38.02,74534,0,0.5414486949857058,-0.5391066870352844,1.2038061586206263,0.08166444737356145,-0.1101068575716659,0.064
East Dover,Windham,90.0,23.33,65473,0,-0.4869960543394673,-1.6609437801467255,-2.2546357841833196,-0.9833512322960866,-0.297782356102815,0.087
East Dummerston,Windham,162.0,14.81,65473,0,-1.7677022461600789,-1.8378660000306135,-2.7327758395553516,-0.8176813878145798,-0.2803524910798453,-0.478
East Montpelier,Washington,231.0,13.42,77278,0,-3.2621833070117274,-1.4403795139411584,-0.22507338426832152,-0.19041535650635194,0.1547379257007961,-1.869
Eden,Lamoille,127.0,50.39,69886,0,2.645875304266459,-0.40883174734747024,1.9349946373374447,-0.1141230089990442,0.39723015983081866,1.395
Enosburg Falls,Franklin,612.0,48.04,73633,0,2.124938601071111,1.25100682982886,0.9724093617270185,0.36406547907896436,-0.6617161412557518,0.828
Essex Junction,Chittenden,3541.0,16.38,89494,0,-5.525495494759474,8.945322258277846,0.1053562826098904,-2.910943673879733,-2.8826042801823157,-3.018
Fair Haven,Rutland,800.0,30.5,62641,0,0.27436199171487197,2.0787274241359674,-2.060201825217365,0.9927532769274288,1.3027428330804525,0.875
Fairfax,Franklin,1039.0,14.92,73633,0,-3.055460250715031,0.5656689312764083,-1.2872942145261042,0.507232975693072,-0.830514965778188,-1.368
Fairfield,Franklin,252.0,17.86,73633,0,-2.207880580769736,-1.3450754794132092,-0.7103234361665325,-0.2330815350044444,-0.08374014244680664,-1.173
Fairlee,Orange,116.0,25.86,74534,0,-1.1352200903241736,-1.2828740012269533,0.5795138349323549,-0.29582580321675356,0.5430164517660322,-0.742
Fayston,Washington,99.0,10.1,77278,0,-3.692177742002481,-1.814639869073307,-0.4309063410096936,-0.5628303437474564,0.5304361765388786,-2.089
Ferrisburgh,Addison,244.0,15.57,85870,0,-3.78770826661552,-1.136804635294292,1.7367716303483138,0.17688053683963567,0.5543309792856329,-2.672
Franklin,Franklin,140.0,42.86,73633,0,1.7006984853998794,-0.702684635899835,1.1000351479518145,-0.14511971268238358,-0.1291078006320138,0.484
Gilman,Essex,60.0,55.0,55247,0,5.240738840563633,-0.8431931081012475,-2.0621276770967465,-1.1240429966951533,-0.8528721947580706,3.312
Glover,Orleans,107.0,42.06,63981,0,2.6285130078915415,-1.103465309625106,0.17389835619392544,-0.11795942781732777,0.5085530711884682,1.493
Grafton,Windham,46.0,45.65,65473,1,2.9941909210694453,-0.9836626231048374,-0.6054423787509569,-0.7330173701253099,-0.45331731431399697,1.567
Grand Isle,Grand Isle,140.0,22.86,86639,0,-2.6776448489202216,-1.0687911746632983,2.1169719107512965,-0.10279090625924434,0.5907455887690171,-2.274
Greensboro,Orleans,41.0,24.39,63981,1,-0.2503963862638207,-1.772910087498274,-1.4896260000211956,-0.8575060548885362,0.6575321109232662,0.322
Guilford,Windham,141.0,22.7,65473,0,-0.5947727473848494,-1.5884025550966872,-2.272732041674562,-0.8378176531266327,-0.39534346735461795,0.045
Hardwick,Caledonia,542.0,31.18,62964,0,0.6012919454069772,0.5525844972199078,-2.329867196021691,-0.20831574726168567,-0.2787161038915719,0.884
Hartland,Windsor,281.0,31.32,69492,0,-0.11220214275526914,-0.8523266214325383,0.8393078688329181,0.2903953735982107,0.4794917687197921,0.175
Highgate Center,Franklin,273.0,31.87,73633,0,-0.07296793215540623,-0.8189310505658969,0.2757728824926451,0.015343696692539124,-0.3250404377644294,-0.245
Hinesburg,Chittenden,1831.0,16.6,89494,0,-4.62834382837995,2.803151404239736,0.34181557717655103,1.9003011823170732,-1.8271791101983772,-3.003
Huntington,Chittenden,116.0,12.93,89494,0,-4.326969780009068,-1.371004048607132,1.198952555357443,-0.3077848420092986,-0.10421441227987858,-3.246
Hyde Park,Lamoille,939.0,31.63,69886,0,-0.7149252421697406,2.4496653511373583,0.2770249253320665,-0.09238258703558092,0.049087718724740194,0.152
Irasburg,Orleans,121.0,53.72,63981,0,4.16994477809233,-0.5904275396263498,0.5081911072770222,-0.29376274334488744,0.026738393059647883,2.266
Island Pond,Essex,135.0,62.22,55247,0,6.378035185142563,-0.4722373777844314,-1.41297235221116,-0.7183873493486062,-1.0457159801482134,3.791
Jamaica,Windham,26.0,30.77,65473,1,0.6587182886560746,-1.5157417128309179,-1.787740096792741,-1.0940627714670537,-0.2822877439409306,0.581
Jay,Orleans,80.0,42.5,63981,0,2.587560142924657,-1.0989153636066826,-0.042821051442592996,-0.37296625692837765,0.4197952193694044,1.522
Jeffersonville,Chittenden,336.0,21.13,89494,0,-3.3167840041609704,-0.6137554182278779,1.4908675176159674,0.1655769318919239,-0.9098109178903232,-2.703
Jericho,Chittenden,1534.0,6.06,89494,0,-6.27021871857876,2.407777352434063,-0.002517664202434697,0.04603185943774743,-1.7389937064927858,-3.702
Johnson,Lamoille,217.0,49.31,69886,0,2.4355989224488366,-0.2726718772214339,1.8577282189763031,0.10746274692743239,0.19745671955661293,1.324
Killington,Rutland,111.0,12.61,62641,0,-2.190112971064897,-1.9857318407856746,-2.359483801533995,-0.8254427245641258,0.45315006972840266,-0.312
Lake Elmore,Lamoille,17.0,29.41,69886,1,-0.3663239097162486,-1.4011105834149475,0.7648619393831908,-0.45683103512923495,1.1291267695462626,0.004
Lincoln,Addison,70.0,24.29,85870,0,-2.243347370981658,-1.214106217389036,2.607625134661001,0.03636451218234498,1.0027187523785477,-2.094
Londonderry,Windham,308.0,26.62,65473,0,-0.040399013409097864,-1.1429037639454342,-1.9231725834406859,-0.2869688600965112,-0.8021449759133041,0.305
Lowell,Orleans,86.0,68.6,63981,0,6.502226919848069,-0.15369888195579576,1.6275587379891792,-0.1260878871380467,-0.05104898993932822,3.253
Ludlow,Windsor,87.0,43.68,69492,0,1.6849140787861305,-0.7299519129106988,1.3124719476399855,-0.35635063208326634,0.5345569406430009,0.995
Lyndonville,Caledonia,501.0,44.91,62964,0,2.6270568729495016,-0.11888965536918991,-1.2789451667772365,0.09496529131751758,-1.5481276555346568,1.794
Manchester Center,Bennington,392.0,41.33,68558,0,1.9381215423773142,-0.426811010525539,-0.5550410438314289,0.09802913365802915,-1.0893361593923403,0.941
Marlboro,Windham,89.0,31.46,65473,0,0.8115184040224026,-1.3974081680641002,-1.5785953764766625,-0.7951765766204462,-0.3459768539300005,0.626
Middlebury,Addison,1430.0,21.26,85870,0,-3.7923827625057074,4.039475967303581,1.1949834339468475,-0.2468829710844122,0.2654034399678411,-2.295
Middlesex,Washington,121.0,16.53,77278,0,-2.681297910743767,-1.5628640533576141,0.09955601913191107,-0.35606969151433904,0.43709623816746873,-1.663
Middletown Springs,Rutland,73.0,36.99,62641,0,1.5118529618807504,-1.1947848489642114,-0.7510910296672622,-0.6730332646304974,0.1453877756989622,1.305
Milton,Chittenden,1459.0,25.98,89494,0,-3.3121648606458263,3.418821188082285,1.0702548723542153,0.3165862931635528,-1.535085899229051,-2.381
Monkton,Addison,125.0,20.8,85870,0,-2.855498464711127,-1.2117329284111007,2.2587180751321974,0.05403621789196303,0.8582876830718099,-2.326
Montgomery Center,Franklin,151.0,37.09,73633,0,0.8265522772824573,-0.8876940722819006,0.7269057428676302,-0.16973420466363887,-0.056044558820756804,0.102
Montpelier,Washington,1885.0,20.11,77278,0,-3.2190362879458134,4.42034500360214,-0.8905046236793545,0.34379008782070947,-0.710072814426047,-1.425
Moretown,Washington,721.0,20.53,77278,0,-2.4092947793840183,1.3196598658941667,-0.471225645120546,0.6460699309616109,0.6245708686619575,-1.397
Morrisville,Lamoille,795.0,28.05,69886,0,-1.2422495269499247,3.0106453421474058,-0.3470921755817408,0.12209223264255831,1.3074255056276616,-0.086
Mount Holly,Rutland,105.0,29.52,62641,0,0.3625048059534281,-1.396569744133892,-1.2533631386419384,-0.6730710792355505,0.18599559391778087,0.81
New Haven,Addison,78.0,16.67,85870,0,-3.4456417434688427,-1.451655170635236,2.005952016176264,-0.09784927797791405,1.0487633934745477,-2.599
Newark,Caledonia,69.0,24.64,62964,0,-0.04013146412749929,-1.735863733407261,-2.234927569872862,-0.9601928351534162,0.03814529669774544,0.45
Newbury,Orange,96.0,37.5,74534,0,0.5974385731221397,-0.8976730537412507,1.2771580292903018,-0.28133824962068255,0.359465401572668,0.03
Newfane,Windham,101.0,25.74,65473,0,-0.06936288873611608,-1.5751619113182704,-1.9735763748381316,-0.8353999642776765,-0.2903340008231163,0.247
Newport,Orleans,994.0,58.75,63981,0,4.554740528827813,3.8813296806036353,-0.5841217234019521,1.7629066054197644,1.526584518143358,2.6
Newport Center,Orleans,128.0,58.59,63981,0,4.843059924733973,-0.382852452758013,0.7055295913523291,-0.32049511356311733,-0.143800487162175,2.589
North Clarendon,Rutland,532.0,33.08,62641,0,0.7267313567259441,1.5295114877996105,-1.7671748009443657,0.45805922756966044,1.1727671748451443,1.046
North Hero,Grand Isle,50.0,54.0,86639,0,2.148185367663551,-0.16740010697683783,4.335301710465335,0.10953280686490818,0.39521971366648384,-0.209
North Troy,Orleans,187.0,75.4,63981,0,7.344300838978093,0.32968557628235823,1.795998130375666,-0.004808926145975354,-0.5693250752456718,3.704
Northfield,Washington,525.0,20.95,77278,0,-2.418842182661839,0.227945537522036,-0.17227077697166904,-0.051334059107865586,-0.17302560465565495,-1.37
Norwich,Windsor,351.0,6.55,69492,0,-3.994135653051543,-1.5557973526703335,-1.0192777644974285,0.04449803617500904,0.5820232646873186,-1.467
Orford,Windsor,234.0,30.34,69492,0,-0.32600702088021133,-0.7349201359547723,0.5499698139561339,0.8105240806575996,0.6239491135102272,0.11
Orleans,Orleans,517.0,47.78,63981,0,3.269042420520147,3.345582048675938,-1.2162527955988207,1.5261601637517581,3.2556351382052258,1.872
Orwell,Addison,140.0,30.0,85870,0,-1.5224454012316773,-0.8395514170322242,2.764069326558244,0.1108691312574161,0.6119292143773055,-1.716
Peacham,Caledonia,66.0,16.67,62964,0,-1.2094000103347142,-2.033647622151701,-2.6976541645219005,-1.0031843798217062,0.21166661148307833,-0.078
Pittsford,Rutland,180.0,35.56,62641,0,1.1484624042077223,-1.0049300945222,-1.0436264270945985,-0.5586403993856638,-0.20450696929528211,1.21
Plainfield,Washington,414.0,33.09,77278,0,-0.48527461266909244,1.9469300412103505,-0.7431492251761159,4.945598560273058,2.4464397978657275,-0.565
Poultney,Rutland,500.0,34.6,62641,0,0.8859339316998445,0.9207406283098615,-1.3955519360118698,0.1388123642996182,0.41942811548290254,1.146
Pownal,Bennington,271.0,59.04,68558,0,4.62085365587802,-0.015116283987875019,0.5084635453673534,-0.11766315892378218,-1.1527555555810707,2.115
Proctor,Rutland,280.0,37.5,62641,0,1.4031869527271237,1.9681031659461068,-1.7366049141468558,0.6292501195093612,2.49332581037821,1.339
Proctorsville,Windsor,84.0,38.1,69492,0,0.9647802005017828,-0.9765876558814489,1.1961592765809148,-0.22817935395835937,0.7833471443527716,0.625
Putney,Windham,182.0,39.56,65473,0,1.9538165683555246,-0.9184171601221732,-1.1180561037077774,-0.522851177204662,-0.7433923237159998,1.163
Quechee,Windsor,203.0,18.72,69492,0,-2.0480667685371596,-1.4244607479702984,-0.13819040806206487,-0.15829322593928344,0.7833922224610571,-0.66
Randolph,Orange,701.0,28.1,74534,0,-1.1778969948153086,1.0274290154010879,0.17771197178407286,0.5524705077847234,0.29541048233565864,-0.593
Reading,Windsor,34.0,11.76,69492,1,-3.001597240870133,-2.0010827904194635,-0.5692035530929526,-0.6549519489538137,1.3147744686179537,-1.122
Readsboro,Bennington,39.0,33.33,68558,1,0.9248462024195833,-1.399615986698095,-1.0348178591938817,-0.878282733084817,-0.09037558566603267,0.41
Richford,Franklin,639.0,59.0,73633,0,3.6048921785627734,2.9503645519026604,1.2335156080252359,-0.28604835927162076,-0.17928314119251712,1.554
Richmond,Chittenden,677.0,9.75,89494,0,-5.3016031977084115,0.33701121732091693,0.7436416412120231,-0.5635643005163256,-1.4844865601071477,-3.457
Ripton,Addison,46.0,23.91,85870,1,-2.3731162638748704,-1.244954228810537,2.410340677018861,-0.16298032189693865,0.9636668036765264,-2.119
Rochester,Windsor,84.0,45.24,69492,0,2.0667034318496125,-0.7329732896626348,1.7186948869203618,-0.11400748465059486,0.698286974704593,1.098
Roxbury,Washington,51.0,33.33,77278,0,-0.1639386275871811,-1.08357853462238,1.0956962283080822,-0.4525761061910873,0.2626256707592201,-0.549
Rutland,Rutland,1959.0,43.8,62641,0,1.580101155841281,7.255424755462542,-2.1280358719345287,-0.5200427315915387,0.9884869857302466,1.757
Rutland Town,Rutland,360.0,11.39,62641,0,-2.529488275911929,-1.535937998665368,-2.5117403411202024,-0.23737206430552146,-0.16251725515649196,-0.392
Saint Albans,Franklin,3029.0,28.72,73633,0,-1.17617615496902,8.946275380589235,-2.7295595480667045,2.4164654350751595,3.6227815991544166,-0.453
Saint Johnsbury,Caledonia,702.0,52.42,62964,0,3.6942644379615888,0.5240202799688249,-0.7192682656420237,0.7520588634179034,-2.1103642577210797,2.292
Salisbury,Addison,65.0,47.69,85870,0,1.2036785444829337,-0.3632603087734606,3.9665111193117326,0.12375719862953675,0.5226546087633999,-0.543
Saxtons River,Windham,76.0,47.37,65473,0,3.1461304007738495,-0.8327631925257911,-0.6828256251246861,-0.7825961043216961,-0.6661902226235589,1.681
Shaftsbury,Bennington,245.0,36.73,68558,0,1.3488703844469159,-0.8851505626251188,-0.789037997722871,-0.28374154715659955,-0.6232813472436257,0.636
Sharon,Windsor,170.0,37.65,69492,0,0.8258251796471532,-0.8176614974323055,1.1097089844153927,-0.0492812820828723,0.5530123524302512,0.595
Sheffield,Caledonia,136.0,44.85,62964,0,2.8766403832917025,-0.8519104688348523,-1.1205730675642378,-0.743523593910485,-0.5830852075592268,1.79
Shelburne,Chittenden,736.0,13.72,89494,0,-4.71871197393754,-0.07350290380752013,0.8202842337316405,1.0030028443119086,-1.849049384874292,-3.194
Sheldon,Franklin,335.0,38.51,73633,0,0.9124489383069937,-0.46932262746835934,0.7419344452116455,0.2696892090795328,-0.5634751105484299,0.196
Shoreham,Addison,76.0,23.68,85870,0,-2.4079992882332126,-1.1996856485648975,2.423793311520793,-0.0646504738290622,0.9126559600716114,-2.135
South Burlington,Chittenden,2700.0,16.44,89494,0,-5.119948529134428,5.221770682269338,0.37438548833022395,-1.0598788865731033,-2.6075626923305566,-3.014
South Hero,Grand Isle,141.0,12.77,86639,0,-4.146922723067805,-1.4440054725894087,1.5659612397816576,-0.1165220763426925,0.8215188688602685,-2.943
South Pomfret,Windsor,91.0,13.19,69492,0,-2.9492845967216077,-1.5398514389319617,-0.4193999619179722,-0.5266304551073553,0.5580422789915473,-1.027
South Royalton,Windsor,356.0,43.26,69492,0,1.4962900454210704,0.6507599658084381,1.234657969540807,0.14848326384765242,0.454765271512172,0.967
South Strafford,Orange,126.0,23.02,74534,0,-1.6044360618248747,-1.353533443873133,0.3233844955223381,-0.35095144850440313,0.5257073367448214,-0.93
Springfield,Windsor,1219.0,50.53,69492,0,1.9971903704768539,4.4190809066877526,1.010345721544271,-0.6039071968467322,-0.2574111963913103,1.449
Starksboro,Addison,106.0,29.25,85870,0,-1.7222582197069694,-0.8968079605395217,2.5046012508148716,-0.1473447171124103,0.5806614223240579,-1.765
Stockbridge,Windsor,45.0,35.56,69492,1,0.5011551315188864,-1.106145394034751,0.8219779228019493,-0.5167252845891418,0.7936042595552016,0.456
Stowe,Lamoille,790.0,7.72,69886,0,-4.272450427130371,1.0036157141858346,-1.055578812307656,-0.595107195867738,0.15814887073304768,-1.434
Stramford,Bennington,74.0,27.03,68558,0,-0.007939781344438764,-1.5678356964535636,-1.3768047458039998,-0.7947126220322858,-0.02687853127996904,-0.007
Sutton,Caledonia,113.0,42.48,62964,0,2.55441222274221,-0.9897838205931183,-1.2240265090663038,-0.7875774696380189,-0.457523704028859,1.633
Swanton,Franklin,1400.0,38.07,73633,0,0.31448033841890816,1.9593656880901489,0.1606126344259667,1.2608957080924512,-1.5952804510476812,0.167
Thetford,Orange,208.0,13.46,74534,0,-3.1081566220165775,-1.5254320786656144,-0.3523346434637153,-0.26946806389277617,0.45860224650262915,-1.564
Tinmouth,Rutland,70.0,54.29,62641,0,4.210705695166889,-0.6172031637161605,0.5644901956670675,-0.3674578815097389,-0.025700132091798004,2.452
Townshend,Windham,347.0,18.73,65473,0,-1.2532994334741259,0.3922779162150872,-3.0072848159122887,-0.24119606442232758,0.627970422910452,-0.218
Tunbridge,Orange,149.0,27.52,74534,0,-0.9542352471216846,-1.14323739419886,0.5825040431897217,-0.2727666299639658,0.3749646862995705,-0.632
Underhill Center,Chittenden,200.0,8.0,89494,0,-5.196242901165747,-1.353580530744539,0.6993006370389895,-0.2720177216400306,-0.328112474980354,-3.573
Vergennes,Addison,695.0,30.65,85870,0,-1.7848463800286283,1.0594718972234234,2.3809026827282658,0.7274153014503448,0.07940357509317202,-1.672
Vernon,Windham,185.0,31.89,65473,0,0.7408789130231945,-1.16655000700886,-1.7317865873007987,-0.6769483250835584,-0.6891401374429921,0.655
Waitsfield,Washington,168.0,29.76,77278,0,-0.8028981752056663,-0.9673186615014395,0.7666879425179384,-0.2540753055221932,-0.014481823059806704,-0.785
Walden,Caledonia,74.0,37.84,62964,0,1.9399051343855744,-1.2547217281121295,-1.3868521445542061,-0.8275241366149656,-0.20253775201130372,1.325
Wallingford,Rutland,122.0,66.39,62641,0,5.933457995467507,-0.06018653272808398,1.1985687673793384,-0.23123779938162775,-0.44481737504146335,3.254
Wardsboro,Windham,49.0,28.57,65473,1,0.4915696188020693,-1.6110534559479845,-1.5690547824684649,-0.7765388145759486,-0.0841774637275615,0.435
Warren,Washington,142.0,19.01,77278,0,-2.3730798028291833,-1.4141309850146122,0.14545163362360822,-0.3657946288207659,0.27609731591499614,-1.498
Washington,Orange,118.0,37.29,74534,0,0.4625382664092288,-0.8300744852731824,1.0720596029765812,-0.37269972452525063,0.19636133043070433,0.016
Waterbury,Washington,400.0,25.0,77278,0,-1.6936661792871632,-0.669000889020788,0.33480789209875156,0.21788267674742404,-0.5582785604464129,-1.101
Waterford,Caledonia,154.0,18.18,62964,0,-0.9974490762392826,-1.8200106714843545,-2.542018301324237,-0.712411794450554,0.011264950510496145,0.022
Waterville,Lamoille,81.0,38.27,69886,0,0.8487763630667197,-0.9302636085721856,1.156436982054623,-0.3451620590110067,0.7165438008447869,0.592
Wells,Rutland,84.0,38.1,62641,0,1.6740044247852182,-1.134493062674941,-0.6774980247232193,-0.632056833339272,0.10159414431443899,1.379
Wells River,Orange,411.0,44.53,74534,0,1.4873567855631797,-0.7164213780406851,1.0314893636361218,4.666428244127047,-1.5126094936916925,0.496
West Burke,Caledonia,189.0,24.87,62964,0,-0.10902033224042637,-1.4785706742394649,-2.317277357859612,-0.7174379817963035,-0.3104273407653276,0.465
West Charleston,Orleans,117.0,56.41,63981,0,4.648403562850235,-0.5269327057042734,0.8290434289059997,-0.16632266550411862,0.07763187633024349,2.445
West Fairlee,Orange,77.0,44.16,74534,0,1.7087730848043183,-0.7310380385225224,1.9125987380539264,-0.1120879456470861,0.41225566860854335,0.471
West Halifax,Windham,62.0,50.0,65473,0,3.8575903332895383,-0.8747455338037975,0.1259020445485776,-0.30347541667867356,-0.29658512898574596,1.856
West Pawlet,Rutland,138.0,43.48,62641,0,2.458666106459424,-0.8385824459881082,-0.3269698663718656,-0.4376497927428069,-0.11768816489746856,1.735
West Rutland,Rutland,326.0,30.98,62641,0,0.5318545379738139,-1.6185865181621393,-1.716002750933824,4.084040843809114,-1.2830154923972676,0.906
Westford,Chittenden,201.0,13.43,89494,0,-4.347659385850689,-1.1699989109392415,1.1187457148821665,-0.16570070152115138,-0.382186446450026,-3.213
White River Junction,Windsor,1256.0,29.78,69492,0,-0.9789159370288166,4.674693136161638,-0.5525904785742802,-0.18415000722323965,1.3651631019560035,0.073
Whiting,Addison,96.0,42.71,85870,0,0.27166953480115114,-0.422788175867911,3.299537515964176,-0.10614311999693299,0.3287073753606869,-0.873
Whitingham,Windham,193.0,38.34,65473,0,1.7619651995832808,-0.729495044588876,-1.2407333082926661,0.2887240005278189,-0.6231393087697934,1.082
Williamstown,Orange,522.0,40.23,74534,0,0.596404315635405,0.8961579779543617,0.8966879522018079,0.08443832597491124,-0.24867218221554344,0.211
Williston,Chittenden,942.0,15.29,89494,0,-4.608096356000762,0.3895206774907527,0.8681339391565172,1.518937847780366,-2.3984705867480516,-3.09
Wilmington,Windham,181.0,43.09,65473,0,2.482671660998596,-0.7942337045609085,-0.8934559901384852,-0.4949407600626621,-0.8031439307661661,1.397
Windham,Windham,22.0,13.64,65473,1,-1.8682548876804754,-2.1528756143274763,-2.7922210869654,-1.1847603958184574,0.08284557968886097,-0.555
Windsor,Windsor,580.0,33.28,69492,0,-0.048231634699517925,-0.8560680418024218,0.1145621792682762,5.03141959311641,-1.3591197539013926,0.305
Winooski,Chittenden,787.0,60.1,89494,0,2.058835969667613,4.325986797437853,3.0679902812960633,0.032519577666486124,-1.1569235495313417,-0.119
Wolcott,Lamoille,121.0,20.66,69886,0,-1.8001695679799619,-1.4876010377923585,0.05727813442825199,-0.3743520490584915,0.9458863271668122,-0.576
Woodbury,Washington,55.0,18.18,77278,0,-2.482507778801423,-1.6013326388869251,0.03402856577415377,-0.6476322964026839,0.4622977750903385,-1.553
Woodstock,Windsor,718.0,9.47,69492,0,-3.7641879095140736,-0.12494209738924125,-1.0800824373102185,0.19724453205534315,0.39827603874939055,-1.274
Worcester,Washington,75.0,25.33,77278,0,-1.4441997084312874,-1.299578172325339,0.44336081996935023,-0.5680777707791281,0.26175406844203575,-1.079
